status,source,path,file,group,split,test_size,seed,preprocessing,n_samples,n_features,shape,dtype,value_min,value_max,value_mean,value_std,n_anomalies,anomaly_rate,name,modality,n_files,feature_key,label_key,n_nodes
ok,ADBench,/root/autodl-tmp/final_project/data/raw/ADBench/Classical/6_cardio.npz,6_cardio.npz,Classical,stratified_train_test_split,0.3,42,"{""standardization"": ""zscore_train_only"", ""mean_shape"": [21], ""scale_shape"": [21]}",1831,21,"[1831, 21]",float64,-4.567897329062897,19.90038690536899,5.839419117843272e-17,0.9997268878823821,176,0.0961223375204806,cardio,tabular,,,,
ok,ADBench,/root/autodl-tmp/final_project/data/raw/ADBench/Classical/38_thyroid.npz,38_thyroid.npz,Classical,stratified_train_test_split,0.3,42,"{""standardization"": ""zscore_train_only"", ""mean_shape"": [6], ""scale_shape"": [6]}",3772,6,"[3772, 6]",float64,0.0,1.0,0.2569173747590596,0.19776328702368795,93,0.024655355249204668,thyroid,tabular,,,,
ok,ADBench,/root/autodl-tmp/final_project/data/raw/ADBench/Classical/30_satellite.npz,30_satellite.npz,Classical,stratified_train_test_split,0.3,42,"{""standardization"": ""zscore_train_only"", ""mean_shape"": [36], ""scale_shape"": [36]}",6435,36,"[6435, 36]",float64,27.0,157.0,83.4718380385047,21.197722515201743,2036,0.3163947163947164,satellite,tabular,,,,
ok,ADBench,/root/autodl-tmp/final_project/data/raw/ADBench/Classical/32_shuttle.npz,32_shuttle.npz,Classical,stratified_train_test_split,0.3,42,"{""standardization"": ""zscore_train_only"", ""mean_shape"": [9], ""scale_shape"": [9]}",49097,9,"[49097, 9]",float64,-26739.0,15164.0,29.77642897393595,84.84450395531893,3511,0.0715114976475141,shuttle,tabular,,,,
ok,ADBench,/root/autodl-tmp/final_project/data/raw/ADBench/Classical/13_fraud.npz,13_fraud.npz,Classical,stratified_train_test_split,0.3,42,"{""standardization"": ""skipped""}",284807,29,"[284807, 29]",float64,0.0,1.0,0.5213456994113257,0.2142692225546457,492,0.001727485630620034,credit_card,tabular,,,,
ok,ADBench,/root/autodl-tmp/final_project/data/raw/ADBench/Classical/29_Pima.npz,29_Pima.npz,Classical,stratified_train_test_split,0.3,42,"{""standardization"": ""zscore_train_only"", ""mean_shape"": [8], ""scale_shape"": [8]}",768,8,"[768, 8]",float64,0.0,846.0,44.98579117838542,58.372971319254624,268,0.3489583333333333,pima,tabular,,,,
ok,ADBench,/root/autodl-tmp/final_project/data/raw/ADBench/Classical/2_annthyroid.npz,2_annthyroid.npz,Classical,stratified_train_test_split,0.3,42,"{""standardization"": ""zscore_train_only"", ""mean_shape"": [6], ""scale_shape"": [6]}",7200,6,"[7200, 6]",float64,0.0,0.97,0.1443065111111111,0.19154795592282345,534,0.07416666666666667,annthyroid,tabular,,,,
ok,ADBench,/root/autodl-tmp/final_project/data/raw/ADBench/Classical/23_mammography.npz,23_mammography.npz,Classical,stratified_train_test_split,0.3,42,"{""standardization"": ""zscore_train_only"", ""mean_shape"": [6], ""scale_shape"": [6]}",11183,6,"[11183, 6]",float64,-0.94572324,31.508443,-1.9973827328787797e-11,0.9999552890128648,260,0.023249575248144506,mammography,tabular,,,,
ok,ADBench,/root/autodl-tmp/final_project/data/raw/ADBench/Classical/28_pendigits.npz,28_pendigits.npz,Classical,stratified_train_test_split,0.3,42,"{""standardization"": ""zscore_train_only"", ""mean_shape"": [16], ""scale_shape"": [16]}",6870,16,"[6870, 16]",float64,0.0,1.0,0.508287603003767,0.34428530576026345,156,0.022707423580786028,pendigits,tabular,,,,
ok,ADBench,/root/autodl-tmp/final_project/data/raw/ADBench/CV_by_ResNet18/CIFAR10_0.npz,CIFAR10_0.npz,CV_by_ResNet18,stratified_train_test_split,0.3,42,"{""standardization"": ""zscore_train_only"", ""mean_shape"": [512], ""scale_shape"": [512]}",5263,512,"[5263, 512]",float64,0.0,10.4219970703125,0.26102959135481857,0.5832118985055282,263,0.04997149914497435,cifar10_0,cv,,,,
ok,ADBench,/root/autodl-tmp/final_project/data/raw/ADBench/CV_by_ResNet18/CIFAR10_1.npz,CIFAR10_1.npz,CV_by_ResNet18,stratified_train_test_split,0.3,42,"{""standardization"": ""zscore_train_only"", ""mean_shape"": [512], ""scale_shape"": [512]}",5263,512,"[5263, 512]",float64,0.0,9.983469009399414,0.3011438447510423,0.6104989011087714,263,0.04997149914497435,cifar10_1,cv,,,,
ok,ADBench,/root/autodl-tmp/final_project/data/raw/ADBench/CV_by_ResNet18/FashionMNIST_0.npz,FashionMNIST_0.npz,CV_by_ResNet18,stratified_train_test_split,0.3,42,"{""standardization"": ""zscore_train_only"", ""mean_shape"": [512], ""scale_shape"": [512]}",6315,512,"[6315, 512]",float64,0.0,9.373923301696777,0.2926719810491169,0.5921814961808355,315,0.0498812351543943,fashionmnist_0,cv,,,,
ok,ADBench,/root/autodl-tmp/final_project/data/raw/ADBench/CV_by_ResNet18/FashionMNIST_1.npz,FashionMNIST_1.npz,CV_by_ResNet18,stratified_train_test_split,0.3,42,"{""standardization"": ""zscore_train_only"", ""mean_shape"": [512], ""scale_shape"": [512]}",6315,512,"[6315, 512]",float64,0.0,8.955636978149414,0.29561052963749257,0.6007002475273978,315,0.0498812351543943,fashionmnist_1,cv,,,,
ok,ADBench,/root/autodl-tmp/final_project/data/raw/ADBench/NLP_by_BERT/20news_0.npz,20news_0.npz,NLP_by_BERT,stratified_train_test_split,0.3,42,"{""standardization"": ""zscore_train_only"", ""mean_shape"": [768], ""scale_shape"": [768]}",3090,768,"[3090, 768]",float64,-1.0,1.0,-0.013292314204372059,0.6429468659883318,154,0.04983818770226537,20news_0,nlp,,,,
ok,ADBench,/root/autodl-tmp/final_project/data/raw/ADBench/NLP_by_BERT/20news_1.npz,20news_1.npz,NLP_by_BERT,stratified_train_test_split,0.3,42,"{""standardization"": ""zscore_train_only"", ""mean_shape"": [768], ""scale_shape"": [768]}",2514,768,"[2514, 768]",float64,-1.0,1.0,-0.013892936494532049,0.6365752094534806,125,0.049721559268098646,20news_1,nlp,,,,
ok,ADBench,/root/autodl-tmp/final_project/data/raw/ADBench/NLP_by_BERT/agnews_0.npz,agnews_0.npz,NLP_by_BERT,stratified_train_test_split,0.3,42,"{""standardization"": ""zscore_train_only"", ""mean_shape"": [768], ""scale_shape"": [768]}",10000,768,"[10000, 768]",float64,-1.0,1.0,-0.01266739595371274,0.6331243597583991,500,0.05,agnews_0,nlp,,,,
ok,ADBench,/root/autodl-tmp/final_project/data/raw/ADBench/NLP_by_BERT/amazon.npz,amazon.npz,NLP_by_BERT,stratified_train_test_split,0.3,42,"{""standardization"": ""zscore_train_only"", ""mean_shape"": [768], ""scale_shape"": [768]}",10000,768,"[10000, 768]",float64,-1.0,1.0,-0.015288922250278392,0.6463048957377908,500,0.05,amazon,nlp,,,,
selected,TSB-AD-U,/root/autodl-tmp/final_project/data/raw/TSB-AD-U/TSB-AD-U/001_NAB_id_1_Facility_tr_1007_1st_2014.csv,,,,,,,,,,,,,,,,,001_NAB_id_1_Facility_tr_1007_1st_2014,timeseries,,,,
selected,TSB-AD-U,/root/autodl-tmp/final_project/data/raw/TSB-AD-U/TSB-AD-U/004_NAB_id_4_Facility_tr_1007_1st_1437.csv,,,,,,,,,,,,,,,,,004_NAB_id_4_Facility_tr_1007_1st_1437,timeseries,,,,
selected,TSB-AD-U,/root/autodl-tmp/final_project/data/raw/TSB-AD-U/TSB-AD-U/170_MITDB_id_1_Medical_tr_17675_1st_17775.csv,,,,,,,,,,,,,,,,,170_MITDB_id_1_Medical_tr_17675_1st_17775,timeseries,,,,
selected,TSB-AD-U,/root/autodl-tmp/final_project/data/raw/TSB-AD-U/TSB-AD-U/171_MITDB_id_2_Medical_tr_50000_1st_88864.csv,,,,,,,,,,,,,,,,,171_MITDB_id_2_Medical_tr_50000_1st_88864,timeseries,,,,
selected,TSB-AD-U,/root/autodl-tmp/final_project/data/raw/TSB-AD-U/TSB-AD-U/140_MSL_id_1_Sensor_tr_530_1st_630.csv,,,,,,,,,,,,,,,,,140_MSL_id_1_Sensor_tr_530_1st_630,timeseries,,,,
selected,TSB-AD-U,/root/autodl-tmp/final_project/data/raw/TSB-AD-U/TSB-AD-U/141_MSL_id_2_Sensor_tr_500_1st_550.csv,,,,,,,,,,,,,,,,,141_MSL_id_2_Sensor_tr_500_1st_550,timeseries,,,,
selected,TSB-AD-U,/root/autodl-tmp/final_project/data/raw/TSB-AD-U/TSB-AD-U/002_NAB_id_2_WebService_tr_1500_1st_4106.csv,,,,,,,,,,,,,,,,,002_NAB_id_2_WebService_tr_1500_1st_4106,timeseries,,,,
selected,TSB-AD-U,/root/autodl-tmp/final_project/data/raw/TSB-AD-U/TSB-AD-U/003_NAB_id_3_WebService_tr_1362_1st_1462.csv,,,,,,,,,,,,,,,,,003_NAB_id_3_WebService_tr_1362_1st_1462,timeseries,,,,
available,TSB-AD-U,,,,,,,,,,,,,,,,,,TSB-AD-U,timeseries,870,,,
ok,GADBench,/root/autodl-tmp/final_project/data/raw/GADBench/tfinance,,,generated_stratified_node_masks,,42,"{""standardization"": ""skipped""}",,10,,,,,,,1803,0.04581141855324339,tfinance,graph,,feature,label,39357
ok,GADBench,/root/autodl-tmp/final_project/data/raw/GADBench/reddit,,,generated_stratified_node_masks,,42,"{""standardization"": ""skipped""}",,64,,,,,,,366,0.03332119446467589,reddit,graph,,feature,label,10984
ok,GADBench,/root/autodl-tmp/final_project/data/raw/GADBench/amazon,,,predefined_masks,,,"{""standardization"": ""skipped""}",,25,,,,,,,821,0.06873744139316812,amazon,graph,,feature,label,11944
ok,GADBench,/root/autodl-tmp/final_project/data/raw/GADBench/weibo,,,generated_stratified_node_masks,,42,"{""standardization"": ""skipped""}",,400,,,,,,,868,0.10327186198691256,weibo,graph,,feature,label,8405
